{
    "position accuracy": 0.0,
    "pose accuracy": 0.0,
    "position loss": 3.6080814378800827,
    "pose loss": 7.586050851774401,
    "loss": 1.8656886999423687
}