{
    "position accuracy": 0.0019230769230769232,
    "pose accuracy": 0.0019230769230769232,
    "position loss": 1.0956295412755555,
    "pose loss": 5.515550426017994,
    "loss": 1.1018633521520174
}