{
    "position error": 77.33299255371094,
    "pose error": 75.45553588867188,
    "loss": 76.26691055297852
}