{
    "position error": 0.0,
    "pose error": 162.40798339843747,
    "loss": 162.4079860687256
}