{
    "position accuracy": 0.10833333333333334,
    "pose accuracy": 0.0,
    "position loss": 0.019391647267270395,
    "pose loss": 6.191103072829994,
    "loss": 1.035082479317983
}