{
    "position accuracy": 0.0,
    "pose accuracy": 0.11666666666666665,
    "position loss": 1.1056597217210806,
    "pose loss": 3.9976256778172456,
    "loss": 0.8505475521087646
}