{
    "position accuracy": 0.0,
    "pose accuracy": 0.018000000000000002,
    "position loss": 0.14504537725923283,
    "pose loss": 0.808102293112527,
    "loss": 0.9531476694345474
}