{
    "position accuracy": 0.0,
    "pose accuracy": 0.0,
    "position loss": 0.29821381261860713,
    "pose loss": 1.250730532572733,
    "loss": 1.548944354057312
}