{
    "position error": 0.0,
    "pose error": 152.41091857910155,
    "loss": 152.4109142303467
}