{
    "position accuracy": 0.0,
    "pose accuracy": 0.10961538461538461,
    "position loss": 0.8695189175875794,
    "pose loss": 4.312558852807662,
    "loss": 0.8636796245208154
}