{
    "position accuracy": 0.0019230769230769232,
    "pose accuracy": 0.09807692307692309,
    "position loss": 0.8488174922489702,
    "pose loss": 4.402233703234551,
    "loss": 0.8751751963908856
}