{
    "position accuracy": 0.0,
    "pose accuracy": 0.0,
    "position loss": 1.6258328337609949,
    "pose loss": 6.222051564736042,
    "loss": 1.3079807666631846
}