{
    "position accuracy": 0.0,
    "pose accuracy": 0.004054054054054054,
    "position loss": 0.9321224045410264,
    "pose loss": 5.625225409481263,
    "loss": 1.0928912919920843
}