{
    "position accuracy": 0.0013513513513513514,
    "pose accuracy": 0.0033783783783783786,
    "position loss": 0.9691269905921158,
    "pose loss": 5.340231908231768,
    "loss": 1.0515598123138015
}