{
    "position accuracy": 0.0,
    "pose accuracy": 0.0,
    "position loss": 2.6677868907245403,
    "pose loss": 6.228299278489173,
    "loss": 1.4826810359954834
}