{
    "position error": 0.0,
    "pose error": 160.7573687744141,
    "loss": 160.7573673248291
}