{
    "position accuracy": 0.0,
    "pose accuracy": 0.042,
    "position loss": 0.144928056145022,
    "pose loss": 0.7758116759571283,
    "loss": 0.9207397300004959
}