{
    "position accuracy": 0.002,
    "pose accuracy": 0.098,
    "position loss": 0.1566317552120184,
    "pose loss": 0.7253128390239465,
    "loss": 0.8819445979595184
}