{
    "position accuracy": 0.002,
    "pose accuracy": 0.0,
    "position loss": 0.012552069943706586,
    "pose loss": 1.0282333172585763,
    "loss": 1.040785391330719
}