{
    "position accuracy": 0.0,
    "pose accuracy": 0.0,
    "position loss": 2.3403820770205708,
    "pose loss": 5.9913130478628736,
    "loss": 1.3886158422187522
}