{
    "position accuracy": 0.0013513513513513514,
    "pose accuracy": 0.08378378378378377,
    "position loss": 0.8295882307549025,
    "pose loss": 4.407330218242296,
    "loss": 0.8728197297534427
}