{
    "position accuracy": 0.0,
    "pose accuracy": 0.08243243243243244,
    "position loss": 0.8932971328680385,
    "pose loss": 4.433511068873123,
    "loss": 5.326808285068822
}