{
    "position accuracy": 0.0,
    "pose accuracy": 0.08243243243243244,
    "position loss": 0.8446787008835227,
    "pose loss": 4.421937834088088,
    "loss": 0.8777694170539444
}