{
    "position accuracy": 0.0038461538461538464,
    "pose accuracy": 0.00576923076923077,
    "position loss": 1.0372816438697712,
    "pose loss": 5.93705137668324,
    "loss": 1.162388829084543
}