{
    "position accuracy": 0.0,
    "pose accuracy": 0.0,
    "position loss": 1.6520283480523934,
    "pose loss": 6.247626976600102,
    "loss": 1.3166091992304876
}