{
    "position accuracy": 0.0,
    "pose accuracy": 0.005,
    "position loss": 1.3592299284838807,
    "pose loss": 6.345515335564093,
    "loss": 1.2841242051124573
}