{
    "position accuracy": 0.0,
    "pose accuracy": 0.0,
    "position loss": 2.145953661367213,
    "pose loss": 6.705737492162578,
    "loss": 1.4752818715572358
}