{
    "position error": 0.0,
    "pose error": 154.52287841796874,
    "loss": 154.52287902832032
}