{
    "position accuracy": 0.0,
    "pose accuracy": 0.0,
    "position loss": 1.0105064546184208,
    "pose loss": 4.5119628364349955,
    "loss": 0.9204115509986878
}