{
    "position accuracy": 0.0,
    "pose accuracy": 0.0,
    "position loss": 0.9181485083298128,
    "pose loss": 6.810047601796731,
    "loss": 1.288032591342926
}