{
    "position accuracy": 0.0,
    "pose accuracy": 0.0,
    "position loss": 2.5997498852537704,
    "pose loss": 6.5518892640503,
    "loss": 163.50167818158587
}