{
    "position accuracy": 0.0,
    "pose accuracy": 0.0,
    "position loss": 2.0082522500582045,
    "pose loss": 6.000680141218917,
    "loss": 1.3348220665499848
}