{
    "position accuracy": 0.0013793103448275863,
    "pose accuracy": 0.08068965517241379,
    "position loss": 0.869691882055343,
    "pose loss": 4.437697160192126,
    "loss": 0.8845648401770099
}