{
    "position accuracy": 0.0006896551724137932,
    "pose accuracy": 0.08344827586206897,
    "position loss": 0.8704610962938573,
    "pose loss": 4.423279422984937,
    "loss": 0.8822900860474028
}