{
    "position accuracy": 0.00031380753138075313,
    "pose accuracy": 0.006886331938633194,
    "position loss": 1.0058368021880948,
    "pose loss": 5.709425805070282,
    "loss": 6.715262602895208
}