{
    "position accuracy": 0.0,
    "pose accuracy": 0.008108108108108109,
    "position loss": 1.023200162198153,
    "pose loss": 5.882109689706018,
    "loss": 1.150884993978449
}