{
    "position accuracy": 0.0,
    "pose accuracy": 0.0,
    "position loss": 1.4185843358530172,
    "pose loss": 8.361562188200587,
    "loss": 1.630024411060192
}