{
    "position accuracy": 0.002702702702702703,
    "pose accuracy": 0.002027027027027027,
    "position loss": 1.0198678070423004,
    "pose loss": 6.802950092050948,
    "loss": 1.3038029719043422
}